trial_nr	onset	event_type	phase	response	nr_frames	onset_abs	duration
0	0.1246790885925293	stim	0		247	94.9604320526123	2.0561718940734863
