trial_nr	onset	event_type	phase	response	nr_frames	movie_index	movie_duration	movie_file	blank	onset_abs	duration
0	0.13311314582824707	stim	0		728					71.45757722854614	6.067775011062622
0	5.374500036239624	response	0	return						76.69896411895752	
0	6.191087007522583	response	0	space						77.51555109024048	
1	6.200888156890869	stim	0		121					77.52535223960876	1.0068209171295166
1	7.207709074020386	stim	1		120					78.53217315673828	1.0002191066741943
2	8.20792818069458	fix_pre	0		29	0.0	2.5	/experiments/knapen_aot/videos/R_S_yt-AbJBxqEYoMg_27.mp4	0.0	79.53239226341248	0.24300193786621094
2	8.441219091415405	response	0	space		0.0	2.5	/experiments/knapen_aot/videos/R_S_yt-AbJBxqEYoMg_27.mp4	0.0	79.7656831741333	
2	8.450930118560791	movie	1		150	0.0	2.5	/experiments/knapen_aot/videos/R_S_yt-AbJBxqEYoMg_27.mp4	0.0	79.77539420127869	1.2499420642852783
