trial_nr	onset	event_type	phase	response	nr_frames	movie_index	movie_duration	movie_file	blank	onset_abs	duration
0	0.016414880752563477	stim	0		173.0					20.78623604774475	1.5040819644927979
0	1.4864718914031982	response	0	space						22.256293058395386	
1	1.5204968452453613	stim	0		121.0					22.29031801223755	1.007174015045166
1	2.5276708602905273	stim	1		120.0					23.297492027282715	1.0000569820404053
2	3.5277278423309326	fix_pre	0		190.0	0.0	2.5	/experiments/knapen_aot/videos/R_S_yt-AbJBxqEYoMg_27.mp4	0.0	24.29754900932312	1.583280086517334
2	5.102832794189453	response	0	space		0.0	2.5	/experiments/knapen_aot/videos/R_S_yt-AbJBxqEYoMg_27.mp4	0.0	25.87265396118164	
2	5.111007928848267	movie	1		297.0	0.0	2.5	/experiments/knapen_aot/videos/R_S_yt-AbJBxqEYoMg_27.mp4	0.0	25.880829095840454	2.5082738399505615
2	6.094433784484863	response	1	space		0.0	2.5	/experiments/knapen_aot/videos/R_S_yt-AbJBxqEYoMg_27.mp4	0.0	26.86425495147705	
2	6.327763795852661	response	1	space		0.0	2.5	/experiments/knapen_aot/videos/R_S_yt-AbJBxqEYoMg_27.mp4	0.0	27.09758496284485	
2	6.544404983520508	response	1	space		0.0	2.5	/experiments/knapen_aot/videos/R_S_yt-AbJBxqEYoMg_27.mp4	0.0	27.314226150512695	
2	6.761146783828735	response	1	space		0.0	2.5	/experiments/knapen_aot/videos/R_S_yt-AbJBxqEYoMg_27.mp4	0.0	27.530967950820923	
2	6.961094856262207	response	1	space		0.0	2.5	/experiments/knapen_aot/videos/R_S_yt-AbJBxqEYoMg_27.mp4	0.0	27.730916023254395	
2	7.619281768798828	fix_post	2		12.0	0.0	2.5	/experiments/knapen_aot/videos/R_S_yt-AbJBxqEYoMg_27.mp4	0.0	28.389102935791016	0.1000220775604248
3	7.719303846359253	fix_pre	0		9.0	1.0	2.5	/experiments/knapen_aot/videos/R_S_yt-GjFQxAklviE_25.mp4	0.0	28.48912501335144	0.07500600814819336
3	7.7861549854278564	response	0	space		1.0	2.5	/experiments/knapen_aot/videos/R_S_yt-GjFQxAklviE_25.mp4	0.0	28.555976152420044	
3	7.794309854507446	movie	1		73.0	1.0	2.5	/experiments/knapen_aot/videos/R_S_yt-GjFQxAklviE_25.mp4	0.0	28.564131021499634	0.6083199977874756
