trial_nr	onset	event_type	phase	response	nr_frames	onset_abs	duration
0	0.15022706985473633	stim	0		402.0	19.948552131652832	3.3493399620056152
0	1.0751090049743652	response	0	escape		20.87343406677246	
