trial_nr	onset	event_type	phase	response	nr_frames	onset_abs	duration
0	0.13583993911743164	stim	0		616.0	928.5204780101776	5.1304121017456055
0	0.0963139533996582	response	0	escape		928.4809520244598	
