trial_nr	onset	event_type	phase	response	nr_frames	onset_abs	duration
0	0.15268898010253906	stim	0		114.0	110.24367499351501	0.9463670253753662
0	1.0908830165863037	response	0	space		111.18186902999878	
1	1.0990560054779053	stim	0		69.0	111.19004201889038	0.574937105178833
