trial_nr	onset	event_type	phase	response	nr_frames	onset_abs	duration
0	0.11721396446228027	stim	0		419.0	21.597815990447998	3.490572929382324
0	1.6166839599609375	response	0	escape		23.097285985946655	
