trial_nr	onset	event_type	phase	response	nr_frames	onset_abs	duration
0	0.13327598571777344	stim	0		471.0	37.03427505493164	3.9914510250091553
0	1.5592339038848877	response	0	escape		38.460232973098755	
