trial_nr	onset	event_type	phase	response	nr_frames	onset_abs	duration
0	0.018537044525146484	stim	0		1.0	25.061182975769043	0.006777048110961914
