trial_nr	onset	event_type	phase	response	nr_frames	onset_abs	duration
0	0.016051054000854492	stim	0		284.0	23.93091106414795	2.3678109645843506
0	1.525895118713379	response	0	escape		25.440755128860474	
