trial_nr	onset	event_type	phase	response	nr_frames	movie_index	movie_duration	movie_file	blank	onset_abs	duration
0	0.05893604099401273	stim	0		204					12.545848249981645	1.7259190420154482
0	1.775987333006924	response	0	space						14.262899541994557	
1	1.784855083009461	stim	0		474					14.271767291997094	3.9403704579744954
1	5.718420541001251	pulse	0	t						18.205332749988884	
1	5.725225540983956	stim	1		1716					18.21213774997159	14.303442292002728
1	15.753223250008887	pulse	1	t						28.24013545899652	
1	16.326261874986812	pulse	1	t						28.813174083974445	
1	16.737974290997954	pulse	1	t						29.224886499985587	
1	17.375637457997072	pulse	1	t						29.862549666984705	
1	18.308387416007463	pulse	1	t						30.795299624995096	
2	20.028667832986685	fix_pre	0		265	0.0	2.5	/Users/shufanzhang/Documents/PhD/Arrow_of_time/arrow_of_time/stimuli_flat/R_S_yt-AbJBxqEYoMg_27.mp4	0.0	32.51558004197432	2.2155040420184378
2	22.233260790992063	pulse	0	t		0.0	2.5	/Users/shufanzhang/Documents/PhD/Arrow_of_time/arrow_of_time/stimuli_flat/R_S_yt-AbJBxqEYoMg_27.mp4	0.0	34.720172999979695	
2	22.244171875005122	movie	1		273	0.0	2.5	/Users/shufanzhang/Documents/PhD/Arrow_of_time/arrow_of_time/stimuli_flat/R_S_yt-AbJBxqEYoMg_27.mp4	0.0	34.731084083992755	2.267628790985327
