trial_nr	onset	event_type	phase	response	nr_frames	onset_abs	duration
0	0.01574087142944336	stim	0		1363	21.367541790008545	11.413915157318115
