trial_nr	onset	event_type	phase	response	nr_frames	movie_index	movie_duration	movie_file	blank	onset_abs	duration
0	0.2084178924560547	stim	0		89					19.281458854675293	0.7423110008239746
0	0.9418830871582031	response	0	space						20.01492404937744	
1	0.9507288932800293	fix_pre	0		121	0.0	2.5	/experiments/knapen_AOT/aot_oldvideos/S_yt-loe3Rqs8TEM_46.mp4	0.0	20.023769855499268	1.0159811973571777
1	1.966710090637207	movie	1		151	0.0	2.5	/experiments/knapen_AOT/aot_oldvideos/S_yt-loe3Rqs8TEM_46.mp4	0.0	21.039751052856445	1.3667569160461426
